score,what is the function of aws iot device defender?_score
0.9904215335845948,0.9904215335845948
0.995307445526123,0.995307445526123
0.0250986907631158,0.0250986907631158
0.005431477911770344,0.005431477911770344
